<?xml version="1.0" encoding="UTF-8" ?>
<!DOCTYPE configuration
  PUBLIC "-//mybatis.org//DTD Config 3.0//EN"
  "http://mybatis.org/dtd/mybatis-3-config.dtd">
<configuration>
  <environments default="development">
    <environment id="development">
      <transactionManager type="JDBC"/>
      <dataSource type="POOLED">
        <property name="driver" value="com.informix.jdbc.IfxDriver"/>
        <property name="url" value="jdbc:informix-sqli://INFD08S3:50002/cpele:informixServer=d01_prico;DB_LOCALE=en_us.819;IFX_USE_STRENC=true"/>
        <property name="username" value="solweb"/>
        <property name="password" value="Solweb"/>
      </dataSource>
    </environment>
  </environments>
  <mappers>
    <mapper resource="sistema/facturador/mybatis/mappers/Ping.xml"/>
  </mappers>
</configuration>